"Time or Position Data [mm, s]",Measured Data [any unit]
0,0.0912155567
0.000999999999998,0.0718065267
0.002000000000002,0.0571048048
0.003,0.0546951884
0.003999999999998,0.0566967641
0.005000000000003,0.065792293
0.006,0.0623688021
0.006999999999998,0.0600010314
0.008000000000003,0.0582319336
0.009,0.0520548686
0.009999999999998,0.0533917899
0.011000000000003,0.0510674716
0.012000000000001,0.0499952168
0.012999999999998,0.0409905716
0.014000000000003,0.0397831346
0.015000000000001,0.0429386076
0.015999999999998,0.05262963
0.017000000000003,0.0666593888
0.018000000000001,0.080719725
0.018999999999998,0.082466978
0.020000000000003,0.0735282902
0.021000000000001,0.0677213703
0.021999999999999,0.0598400019
0.023000000000003,0.0555844812
0.024000000000001,0.0503746244
0.024999999999999,0.0566441454
0.026000000000003,0.0603596655
0.027000000000001,0.0606215505
0.027999999999999,0.0638397281
0.029000000000004,0.0682102459
0.030000000000001,0.0683739593
0.030999999999999,0.0634714563
0.031999999999997,0.0570352819
0.033000000000001,0.0390537308
0.033999999999999,0.0299702525
0.034999999999997,0.0374049468
0.036000000000001,0.0530118494
0.036999999999999,0.0657524366
0.037999999999997,0.0777351121
0.039000000000002,0.0843377773
0.039999999999999,0.0747602226
0.040999999999997,0.0695873773
0.042000000000002,0.0732208186
0.042999999999999,0.0761074864
0.043999999999997,0.0601826661
0.045000000000002,0.057501072
0.045999999999999,0.0572367181
0.046999999999997,0.0654245798
0.048000000000002,0.080683864
0.049,0.0774115083
0.049999999999997,0.07449173
0.051000000000002,0.058938664
0.052,0.0434193197
0.052999999999997,0.044115718
0.054000000000002,0.0511239322
0.055,0.0499727731
0.055999999999997,0.0484659897
0.057000000000002,0.0537248549
0.058,0.0618241719
0.058999999999998,0.0809925278
0.060000000000002,0.0931538347
0.061,0.0962353112
0.061999999999998,0.0952853583
0.063000000000002,0.0888604443
0.064,0.0755750535
0.064999999999998,0.0718393419
0.066000000000003,0.0726838006
0.067,0.0781760913
0.067999999999998,0.0799169512
0.069000000000003,0.0780158837
0.07,0.0669351912
0.070999999999998,0.0574638075
0.072000000000003,0.0519900144
0.073,0.0509305878
0.073999999999998,0.0471015356
0.075000000000003,0.0506351956
0.076000000000001,0.0547175644
0.076999999999998,0.0628265657
0.078000000000003,0.0788003922
0.079000000000001,0.0972381755
0.079999999999998,0.1053922391
0.081000000000003,0.0938689512
0.082000000000001,0.0847805847
0.082999999999998,0.0774431797
0.084000000000003,0.0744590346
0.085000000000001,0.0622002801
0.085999999999999,0.0694321942
0.087000000000003,0.0699019176
0.088000000000001,0.0715880624
0.088999999999999,0.065126139
0.090000000000003,0.0563545812
0.091000000000001,0.0487178399
0.091999999999999,0.0530817236
0.093000000000004,0.0644834252
0.094000000000001,0.0592912633
0.094999999999999,0.0578780919
0.095999999999997,0.0609804505
0.097000000000001,0.0743729037
0.097999999999999,0.0918244164
0.098999999999997,0.0944117908
0.100000000000001,0.0931246096
0.100999999999999,0.0848377077
0.101999999999997,0.0753565725
0.103000000000002,0.0798123923
0.103999999999999,0.0618224372
0.104999999999997,0.063618021
0.106000000000002,0.0861905583
0.106999999999999,0.0730321957
0.107999999999997,0.0642589628
0.109000000000002,0.0587191941
0.109999999999999,0.0577547676
0.110999999999997,0.0584455647
0.112000000000002,0.0583083444
0.113,0.05609969
0.113999999999997,0.0531895819
0.115000000000002,0.0535689565
0.116,0.0642624872
0.116999999999997,0.0866881555
0.118000000000002,0.0768908959
0.119,0.0825376199
0.119999999999997,0.0904198742
0.121000000000002,0.0902874739
0.122,0.0903337541
0.122999999999998,0.0799096503
0.124000000000002,0.0566734968
0.125,0.0313372843
0.125999999999998,0.0559445692
0.127000000000002,0.058531941
0.128,0.0634075449
0.128999999999998,0.0679212901
0.130000000000003,0.0702044955
0.131,0.0600239455
0.131999999999998,0.0469186841
0.133000000000003,0.0453576586
0.134,0.0369420059
0.134999999999998,0.0437184853
0.136000000000003,0.059106882
0.137,0.0872038478
0.137999999999998,0.0847219035
0.139000000000003,0.0774617573
0.140000000000001,0.082440797
0.140999999999998,0.0877302545
0.142000000000003,0.0877668392
0.143000000000001,0.0760932264
0.143999999999998,0.0637958551
0.145000000000003,0.0546189302
0.146000000000001,0.0488136201
0.146999999999998,0.060958844
0.148000000000003,0.0722843375
0.149000000000001,0.0724641441
0.149999999999999,0.0700360896
0.151000000000003,0.0542802462
0.152000000000001,0.041356834
0.152999999999999,0.0427196799
0.154000000000003,0.0447598752
0.155000000000001,0.0490129777
0.155999999999999,0.0613963761
0.156999999999996,0.0606975149
0.158000000000001,0.0655991103
0.158999999999999,0.0672113168
0.159999999999997,0.0779515839
0.161000000000001,0.0862520398
0.161999999999999,0.0742604353
0.162999999999997,0.0671353665
0.164000000000001,0.054846044
0.164999999999999,0.0582205045
0.165999999999997,0.066310195
0.167000000000002,0.0749131769
0.167999999999999,0.0771159158
0.168999999999997,0.0729862809
0.170000000000002,0.0629307095
0.170999999999999,0.0534293034
0.171999999999997,0.0414360854
0.173000000000002,0.03990677
0.174,0.0470027949
0.174999999999997,0.0455104903
0.176000000000002,0.0450736188
0.177,0.0516811006
0.177999999999997,0.0642011482
0.179000000000002,0.0823089443
0.18,0.087603913
0.180999999999997,0.0852039443
0.182000000000002,0.0807198856
0.183,0.0754868548
0.183999999999998,0.0650691794
0.185000000000002,0.0587830784
0.186,0.0664768727
0.186999999999998,0.0714902881
0.188000000000002,0.0710424558
0.189,0.061852988
0.189999999999998,0.0530897178
0.191000000000003,0.049243178
0.192,0.0412926236
0.192999999999998,0.0366567376
0.194000000000003,0.0515297838
0.195,0.0343767548
0.195999999999998,0.0278729892
0.197000000000003,0.0374669983
0.198,0.0572420784
0.198999999999998,0.0808489438
0.200000000000003,0.0795465498
0.201000000000001,0.0791309
0.201999999999998,0.0723843226
0.203000000000003,0.0693229253
0.204000000000001,0.0671419352
0.204999999999998,0.0641207718
0.206000000000003,0.0675436706
0.207000000000001,0.0592696358
0.207999999999998,0.0574328487
0.209000000000003,0.0588487982
0.210000000000001,0.0631018354
0.210999999999999,0.0658859876
0.212000000000003,0.06004849
0.213000000000001,0.0483287572
0.213999999999999,0.0331683754
0.215000000000003,0.0297923411
0.216000000000001,0.0409510444
0.216999999999999,0.0528611707
0.218000000000004,0.0700935076
0.219000000000001,0.06673592
0.219999999999999,0.0665488033
0.220999999999997,0.061359327
0.222000000000001,0.0647884881
0.222999999999999,0.0490503554
0.223999999999997,0.053499631
0.225000000000001,0.0473000324
0.225999999999999,0.0371848002
0.226999999999997,0.039849424
0.228000000000002,0.054882685
0.228999999999999,0.0671068538
0.229999999999997,0.0716576308
0.231000000000002,0.0617965315
0.231999999999999,0.0486285174
0.232999999999997,0.0437784412
0.234000000000002,0.0422434279
0.234999999999999,0.0423025399
0.235999999999997,0.0746912079
0.237000000000002,0.0541331144
0.238,0.0637344046
0.238999999999997,0.0698333548
0.240000000000002,0.0697069284
0.241,0.0674887105
0.241999999999997,0.0694806395
0.243000000000002,0.0593586789
0.244,0.0514669499
0.244999999999997,0.0464405598
0.246000000000002,0.0495412948
0.247,0.0531430665
0.247999999999998,0.055323285
0.249000000000002,0.0616079896
0.25,0.0595490738
0.250999999999998,0.0466514188
0.252000000000002,0.036484785
0.253,0.0485258615
0.253999999999998,0.0443379348
0.255000000000003,0.0537099924
0.256,0.0575300143
0.256999999999998,0.0543141251
0.258000000000003,0.082863592
0.259,0.1282663118
0.259999999999998,0.0831095129
0.261000000000003,0.0762935423
0.262,0.0580174622
0.262999999999998,0.0590596668
0.264000000000003,0.044992027
0.265000000000001,0.0332658694
0.265999999999998,0.0359255004
0.267000000000003,0.0487595207
0.268000000000001,0.0592390006
0.268999999999998,0.0532711264
0.270000000000003,0.0411442536
0.271000000000001,0.0382212582
0.271999999999998,0.0390142858
0.273000000000003,0.0555270461
0.274000000000001,0.0465844601
0.274999999999999,0.0516872264
0.276000000000003,0.0557615714
0.277000000000001,0.0595363806
0.277999999999999,0.0749775203
0.279000000000003,0.0838942465
0.280000000000001,0.0863841723
0.280999999999999,0.0720387822
0.281999999999996,0.0624010648
0.283000000000001,0.0601620356
0.283999999999999,0.0497269619
0.284999999999997,0.0586390605
0.286000000000001,0.0652337573
0.286999999999999,0.0722886451
0.287999999999997,0.0578059325
0.289000000000001,0.0503544154
0.289999999999999,0.0472318577
0.290999999999997,0.053868337
0.292000000000002,0.0647900626
0.292999999999999,0.0616980123
0.293999999999997,0.0577257237
0.295000000000002,0.0607458062
0.295999999999999,0.058360064
0.296999999999997,0.0707387041
0.298000000000002,0.0922180632
0.298999999999999,0.0971594322
0.299999999999997,0.0926659224
0.301000000000002,0.0904542507
0.302,0.0708332136
0.302999999999997,0.0726838277
0.304000000000002,0.0729358162
0.305,0.0701144222
0.305999999999997,0.0618580868
0.307000000000002,0.0551367105
0.308,0.0588458144
0.308999999999997,0.0460560052
0.310000000000002,0.0535261004
0.311,0.0602740108
0.311999999999998,0.0520356552
0.313000000000002,0.0465197083
0.314,0.0545788217
0.314999999999998,0.0596185223
0.316000000000002,0.0732183695
0.317,0.082571215
0.317999999999998,0.0874271078
0.319000000000003,0.0855952429
0.32,0.0914252694
0.320999999999998,0.0920732952
0.322000000000003,0.0835254286
0.323,0.0813491593
0.323999999999998,0.0588825908
0.325000000000003,0.0563676578
0.326000000000001,0.047466078
0.326999999999998,0.0428079055
0.328000000000003,0.0492514689
0.329000000000001,0.0590003829
0.329999999999998,0.0723266931
0.331000000000003,0.0693087255
0.332000000000001,0.0617782992
0.332999999999998,0.0700932946
0.334000000000003,0.0657096546
0.335000000000001,0.0811926345
0.335999999999999,0.0911623018
0.337000000000003,0.0910057182
0.338000000000001,0.0997361983
0.338999999999999,0.0897691211
0.340000000000003,0.0986531344
0.341000000000001,0.0852127721
0.341999999999999,0.0714959391
0.343000000000004,0.0673540148
0.344000000000001,0.0531786322
0.344999999999999,0.0400223614
0.345999999999997,0.0388392169
0.347000000000001,0.0458635112
0.347999999999999,0.0643209992
0.348999999999997,0.0619461341
0.350000000000001,0.0600705497
0.350999999999999,0.045305916
0.351999999999997,0.0570069392
0.353000000000002,0.0560505984
0.353999999999999,0.0503500638
0.354999999999997,0.0606434503
0.356000000000002,0.0657156207
0.356999999999999,0.065430815
0.357999999999997,0.0661805769
0.359000000000002,0.0729617197
0.359999999999999,0.0801308522
0.360999999999997,0.0880095344
0.362000000000002,0.0874295718
0.363,0.0833137056
0.363999999999997,0.0756190135
0.365000000000002,0.0730133719
0.366,0.0501904753
0.366999999999997,0.0618909118
0.368000000000002,0.0617777997
0.369,0.0596274221
0.369999999999997,0.0493623113
0.371000000000002,0.0421004789
0.372,0.0250780687
0.372999999999998,0.0444056662
0.374000000000002,0.0532341083
0.375,0.0619911526
0.375999999999998,0.0652415551
0.377000000000002,0.0667840895
0.378,0.0801633122
0.378999999999998,0.094086144
0.380000000000003,0.0929591702
0.381,0.0813650582
0.381999999999998,0.0705533025
0.383000000000003,0.061303887
0.384,0.0522118962
0.384999999999998,0.0475250493
0.386000000000003,0.0461088512
0.387,0.0433195391
0.387999999999998,0.0436522169
0.389000000000003,0.0466787728
0.390000000000001,0.0536243176
0.390999999999998,0.0429285105
0.392000000000003,0.0453452791
0.393000000000001,0.0429020867
0.393999999999998,0.0541481878
0.395000000000003,0.0512428903
0.396000000000001,0.0618930155
0.396999999999998,0.0754378203
0.398000000000003,0.0952135474
0.399000000000001,0.0936212234
0.399999999999999,0.0882986887
0.401000000000003,0.074291278
0.402000000000001,0.0690328495
0.402999999999999,0.0620536174
0.404000000000004,0.0455494196
0.405000000000001,0.0429911279
0.405999999999999,0.0517536959
0.406999999999997,0.0533200817
0.408000000000001,0.0439291425
0.408999999999999,0.0621653813
0.409999999999997,0.071566001
0.411000000000001,0.0575555557
0.411999999999999,0.0471555589
0.412999999999997,0.0439251136
0.414000000000002,0.0407946305
0.414999999999999,0.0431856065
0.415999999999997,0.0608186332
0.417000000000002,0.0733235761
0.417999999999999,0.0851358533
0.418999999999997,0.0789016833
0.420000000000002,0.0843021443
0.420999999999999,0.0761650866
0.421999999999997,0.0690718163
0.423000000000002,0.0663901876
0.424,0.0620652962
0.424999999999997,0.0553411093
0.426000000000002,0.0476720698
0.427,0.0354036265
0.427999999999997,0.039394173
0.429000000000002,0.0371338965
0.43,0.0408460534
0.430999999999997,0.0561197845
0.432000000000002,0.0245204811
0.433,0.0139521561
0.433999999999998,0.0101343373
0.435000000000002,0.0190491569
0.436,0.0349413222
0.436999999999998,0.046351446
0.438000000000002,0.0580491979
0.439,0.0662253091
0.439999999999998,0.0804996488
0.441000000000003,0.0835752234
0.442,0.0744005164
0.442999999999998,0.0583517505
0.444000000000003,0.0499740346
0.445,0.0406183518
0.445999999999998,0.0450411276
0.447000000000003,0.0528684665
0.448,0.0611874594
0.448999999999998,0.0643522677
0.450000000000003,0.0531828016
0.451000000000001,0.0469397133
0.451999999999998,0.0348082158
0.453000000000003,0.0456725059
0.454000000000001,0.0430044069
0.454999999999998,0.0510350717
0.456000000000003,0.0503377619
0.457000000000001,0.0414285406
0.457999999999998,0.0430657689
0.459000000000003,0.0550211986
0.460000000000001,0.0511409433
0.460999999999999,0.0568917797
0.462000000000003,0.0441598553
0.463000000000001,0.0409503402
0.463999999999999,0.0410963223
0.465000000000003,0.0392384191
0.466000000000001,0.0640040387
0.466999999999999,0.0653087421
0.468000000000004,0.063019679
0.469000000000001,0.0668397826
0.469999999999999,0.0462027991
0.470999999999997,0.0613323796
0.472000000000001,0.0510563026
0.472999999999999,0.042860731
0.473999999999997,0.0214242179
0.475000000000001,0.014571597
0.475999999999999,0.0195046393
0.476999999999997,0.0247328974
0.478000000000002,0.0443329336
0.478999999999999,0.0658042067
0.479999999999997,0.0714026009
0.481000000000002,0.0613791896
0.481999999999999,0.0602102676
0.482999999999997,0.0527511965
0.484000000000002,0.0500512796
0.484999999999999,0.0569983128
0.485999999999997,0.0642434316
0.487000000000002,0.0593511933
0.488,0.0652553854
0.488999999999997,0.0587004704
0.490000000000002,0.0458041596
0.491,0.0480438873
0.491999999999997,0.0292328582
0.493000000000002,0.0276186809
0.494,0.0114984336
0.494999999999997,0.0161763101
0.496000000000002,0.0437946843
0.497,0.0445887457
0.497999999999998,0.0612492905
0.499000000000002,0.0674656989
0.5,0.0623531726
0.500999999999998,0.0518216999
0.502000000000002,0.0689333123
0.503,0.0566016733
0.503999999999998,0.049256902
0.505000000000003,0.0458664269
0.506,0.0467446725
0.506999999999998,0.0496189495
0.508000000000003,0.0470163934
0.509,0.0620941439
0.509999999999998,0.0692793856
0.511000000000003,0.0614212058
0.512,0.0475794025
0.512999999999998,0.0276702022
0.514000000000003,0.0278548321
0.515000000000001,0.0339878425
0.515999999999998,0.0361720508
0.517000000000003,0.0546451741
0.518000000000001,0.062230305
0.518999999999998,0.0613446087
0.520000000000003,0.0572809912
0.521000000000001,0.0500224461
0.521999999999998,0.0424311644
0.523000000000003,0.043152851
0.524000000000001,0.0419196629
0.524999999999999,0.0331221953
0.526000000000003,0.015244321
0.527000000000001,0.0186685518
0.527999999999999,0.05057596
0.529000000000004,0.0617472641
0.530000000000001,0.0696961779
0.530999999999999,0.053853444
0.531999999999997,0.036859111
0.533000000000001,0.034672792
0.533999999999999,0.0301420846
0.534999999999997,0.0301280271
0.536000000000001,0.0519757547
0.536999999999999,0.0526158453
0.537999999999997,0.0598032328
0.539000000000002,0.0649461659
0.539999999999999,0.0772442876
0.540999999999997,0.0923919685
0.542000000000002,0.0931939354
0.542999999999999,0.0800854726
0.543999999999997,0.0499009381
0.545000000000002,0.0386003762
0.545999999999999,0.041982785
0.546999999999997,0.0481936694
0.548000000000002,0.05036637
0.549,0.0532708086
0.549999999999997,0.0444112065
0.551000000000002,0.0355791934
0.552,0.0297384981
0.552999999999997,0.0422795837
0.554000000000002,0.0382728585
0.555,0.0355735888
0.555999999999997,0.0318624694
0.557000000000002,0.0342993924
0.558,0.0498886169
0.558999999999998,0.0469141593
0.560000000000002,0.0676757788
0.561,0.0771479169
0.561999999999998,0.076707244
0.563000000000002,0.0678072029
0.564,0.0446219592
0.564999999999998,0.0416300247
0.566000000000003,0.0419182106
0.567,0.0532137307
0.567999999999998,0.0548553234
0.569000000000003,0.0494830041
0.57,0.0406231975
0.570999999999998,0.0511069203
0.572000000000003,0.0502820378
0.573,0.0479593522
0.573999999999998,0.0417694446
0.575000000000003,0.0444566644
0.576000000000001,0.0341114386
0.576999999999998,0.0345447482
0.578000000000003,0.0491060627
0.579000000000001,0.0569688702
0.579999999999998,0.06882144
0.581000000000003,0.0557162081
0.582000000000001,0.0426994754
0.582999999999998,0.0296822921
0.584000000000003,0.0378798354
0.585000000000001,0.0298964659
0.585999999999999,0.0369975868
0.587000000000003,0.0380512882
0.588000000000001,0.0361755469
0.588999999999999,0.0404398784
0.590000000000003,0.0442796545
0.591000000000001,0.0497679834
0.591999999999999,0.0546293806
0.593000000000004,0.0415741436
0.594000000000001,0.0306785397
0.594999999999999,0.0300673399
0.595999999999997,0.0363819746
0.597000000000001,0.0495451576
0.597999999999999,0.05921365
0.598999999999997,0.0684980671
0.600000000000001,0.0721315529
0.600999999999999,0.0675280234
0.601999999999997,0.0667969836
0.603000000000002,0.0534423044
0.603999999999999,0.0460037353
0.604999999999997,0.0392183708
0.606000000000002,0.0375283849
0.606999999999999,0.0367836237
0.607999999999997,0.0362039246
0.609000000000002,0.0324038803
0.609999999999999,0.0311210116
0.610999999999997,0.0277385994
0.612000000000002,0.0208196633
0.613,0.0127608628
0.613999999999997,0.0129358821
0.615000000000002,0.0253531987
0.616,0.0407171348
0.616999999999997,0.055066915
0.618000000000002,0.0610093044
0.619,0.0632346245
0.619999999999997,0.0631015207
0.621000000000002,0.0656744589
0.622,0.0605431585
0.622999999999998,0.0595407819
0.624000000000002,0.0460927822
0.625,0.0277899005
0.625999999999998,0.0231272674
0.627000000000002,0.0247043085
0.628,0.0322094529
0.628999999999998,0.041636452
0.630000000000003,0.0468503142
0.631,0.056039109
0.631999999999998,0.0430091183
0.633000000000003,0.0381292236
0.634,0.0620518059
0.634999999999998,0.0644763597
0.636000000000003,0.0687712899
0.637,0.0641915559
0.637999999999998,0.0726096039
0.639000000000003,0.0741001944
0.640000000000001,0.0649517629
0.640999999999998,0.0634728035
0.642000000000003,0.0428938296
0.643000000000001,0.0375643392
0.643999999999998,0.0337330831
0.645000000000003,0.0205602695
0.646000000000001,0.0260382264
0.646999999999998,0.0400115523
0.648000000000003,0.051377898
0.649000000000001,0.0466701948
0.649999999999999,0.0398413829
0.651000000000003,0.03413257
0.652000000000001,0.0348327002
0.652999999999999,0.0415963501
0.654000000000004,0.0453264427
0.655000000000001,0.05127255
0.655999999999999,0.0461362276
0.656999999999997,0.0595995455
0.658000000000001,0.0630785422
0.658999999999999,0.0669072129
0.659999999999997,0.068833201
0.661000000000001,0.0682534517
0.661999999999999,0.0507354386
0.662999999999997,0.0349710935
0.664000000000002,0.031496144
0.664999999999999,0.0239892571
0.665999999999997,0.0316702245
0.667000000000002,0.0430898402
0.667999999999999,0.045015822
0.668999999999997,0.0403971647
0.670000000000002,0.0336134156
0.670999999999999,0.0315455676
0.671999999999997,0.0281816489
0.673000000000002,0.0353081615
0.674,0.0357873385
0.674999999999997,0.0336577818
0.676000000000002,0.0282024283
0.677,0.0347262727
0.677999999999997,0.0522104087
0.679000000000002,0.0566211935
0.68,0.0451676024
0.680999999999997,0.0411293687
0.682000000000002,0.035751693
0.683,0.0273843446
0.683999999999998,0.0260433575
0.685000000000002,0.0251011813
0.686,0.0271671582
0.686999999999998,0.0297930511
0.688000000000002,0.0333814574
0.689,0.0329496411
0.689999999999998,0.0326160953
0.691000000000003,0.0396718298
0.692,0.0317567007
0.692999999999998,0.0281980442
0.694000000000003,0.0235953632
0.695,0.0228820158
0.695999999999998,0.0299302593
0.697000000000003,0.0469759351
0.698,0.0653445352
0.698999999999998,0.0635674187
0.700000000000003,0.0556184984
0.701000000000001,0.0494625041
0.701999999999998,0.0500382394
0.703000000000003,0.0448285773
0.704000000000001,0.0414823586
0.704999999999998,0.0370981181
0.706000000000003,0.0327253729
0.707000000000001,0.0264791286
0.707999999999998,0.028249091
0.709000000000003,0.0340953958
0.710000000000001,0.0369516634
0.710999999999999,0.0332867899
0.712000000000003,0.0148272901
0.713000000000001,7.88319E-05
0.713999999999999,-0.0021521254
0.715000000000003,0.0017959816
0.716000000000001,0.0288227549
0.716999999999999,0.041927162
0.718000000000004,0.0522016541
0.719000000000001,0.0613857198
0.719999999999999,0.0692385281
0.720999999999997,0.0599023561
0.722000000000001,0.0566827208
0.722999999999999,0.0454866638
0.723999999999997,0.0278833302
0.725000000000001,0.0150038078
0.725999999999999,0.011633443
0.726999999999997,0.0226620935
0.728000000000002,0.0316820073
0.728999999999999,0.0291726377
0.729999999999997,0.0276839904
0.731000000000002,0.0253001473
0.731999999999999,0.021166479
0.732999999999997,0.0162640265
0.734000000000002,0.0286748113
0.734999999999999,0.0401177259
0.735999999999997,0.049636533
0.737000000000002,0.0486167057
0.738,0.0413565718
0.738999999999997,0.0435625527
0.740000000000002,0.051120609
0.741,0.0566949294
0.741999999999997,0.0529946462
0.743000000000002,0.0424102144
0.744,0.0262681528
0.744999999999997,0.0190615031
0.746000000000002,0.0190417727
0.747,0.0241976671
0.747999999999998,0.0309808363
0.749000000000002,0.0315919702
0.75,0.0308303379
0.750999999999998,0.0368102213
0.752000000000002,0.0336683878
0.753,0.0353405192
0.753999999999998,0.0345354401
0.755000000000003,0.037290066
0.756,0.0429931397
0.756999999999998,0.0423168052
0.758000000000003,0.0492743877
0.759,0.0567686513
0.759999999999998,0.0542995155
0.761000000000003,0.0443674036
0.762,0.0309531746
0.762999999999998,0.0158836738
0.764000000000003,-0.0002921728
0.765000000000001,0.0046545164
0.765999999999998,0.0078898059
0.767000000000003,0.0154162578
0.768000000000001,0.0270593954
0.768999999999998,0.0283609334
0.770000000000003,0.0204908652
0.771000000000001,0.0094862811
0.771999999999998,0.0063106427
0.773000000000003,0.0099928061
0.774000000000001,0.0149893746
0.774999999999999,0.0109141157
0.776000000000003,0.0128126748
0.777000000000001,0.0252298918
0.777999999999999,0.0446933713
0.779000000000004,0.0538613354
0.780000000000001,0.0521711091
0.780999999999999,0.0470709006
0.781999999999997,0.035555676
0.783000000000001,0.0242448371
0.783999999999999,0.0247129364
0.784999999999997,0.0245387072
0.786000000000001,0.0111384769
0.786999999999999,-0.0007581525
0.787999999999997,0.0054438113
0.789000000000002,0.0077902401
0.789999999999999,0.0055608929
0.790999999999997,0.0097039422
0.792000000000002,0.0073892953
0.792999999999999,-0.0071321655
0.793999999999997,-0.0115313578
0.795000000000002,-0.0127934974
0.795999999999999,-0.0024172539
0.796999999999997,0.0214294651
0.798000000000002,0.0369317767
0.799,0.0445388988
0.799999999999997,0.0380110155
0.801000000000002,0.0351089663
0.802,0.0255985238
0.802999999999997,0.0437127875
0.804000000000002,0.0312644391
0.805,0.0264746306
0.805999999999997,0.0159652417
0.807000000000002,0.0077629027
0.808,0.0128383272
0.808999999999998,0.0243317314
0.810000000000002,0.027755981
0.811,0.0228309951
0.811999999999998,0.0109146242
0.813000000000002,0.0007480322
0.814,-0.0080377494
0.814999999999998,0.0011496606
0.816000000000003,0.0105413259
0.817,0.0165243991
0.817999999999998,0.0209432141
0.819000000000003,0.019270692
0.82,0.0231685563
0.820999999999998,0.0198464635
0.822000000000003,0.0206086002
0.823,0.0106190277
0.823999999999998,0.0012007696
0.825000000000003,-0.0027544206
0.826000000000001,-0.0068248519
0.826999999999998,0.000239713
0.828000000000003,0.0205951711
0.829000000000001,0.0188920685
0.829999999999998,0.0081449709
0.831000000000003,0.0008462055
0.832000000000001,-0.0143350878
0.832999999999998,-0.015705221
0.834000000000003,-0.0229412224
0.835000000000001,-0.0116811248
0.835999999999999,-0.0026386174
0.837000000000003,0.0041024667
0.838000000000001,0.0109779388
0.838999999999999,0.0241016507
0.840000000000003,0.0427743532
0.841000000000001,0.0475822436
0.841999999999999,0.0331879179
0.843000000000004,0.0145127584
0.844000000000001,-0.0016213911
0.844999999999999,-0.0033953018
0.845999999999997,0.0051187651
0.847000000000001,0.0140501573
0.847999999999999,0.0291597905
0.848999999999997,0.025563618
0.850000000000001,0.0184434937
0.850999999999999,0.0111324048
0.851999999999997,0.0005457675
0.853000000000002,0.0035210051
0.853999999999999,0.0025625585
0.854999999999997,0.0035663589
0.856000000000002,0.0156343446
0.856999999999999,0.0156733727
0.857999999999997,0.0229728966
0.859000000000002,0.0334104882
0.859999999999999,0.0403575712
0.860999999999997,0.0364287611
0.862000000000002,0.0305305896
0.863,0.021323156
0.863999999999997,0.0143736208
0.865000000000002,0.0220297211
0.866,0.0235871355
0.866999999999997,0.027655122
0.868000000000002,0.0316876934
0.869,0.0275963364
0.869999999999997,0.0331644458
0.871000000000002,0.038521501
0.872,0.0262455883
0.872999999999998,0.0197289591
0.874000000000002,0.0158612971
0.875,0.0123007685
0.875999999999998,0.0124741508
0.877000000000002,0.0119426439
0.878,0.0257308569
0.878999999999998,0.0315803672
0.880000000000003,0.0293617458
0.881,0.0212711958
0.881999999999998,0.0207686653
0.883000000000003,0.018949093
0.884,0.0268054552
0.884999999999998,0.0353587434
0.886000000000003,0.037279876
0.887,0.0359131351
0.887999999999998,0.0304891676
0.889000000000003,0.0361793652
0.890000000000001,0.03407798
0.890999999999998,0.0339970994
0.892000000000003,0.0272280999
0.893000000000001,0.0192598636
0.893999999999998,0.0200733874
0.895000000000003,0.0088172753
0.896000000000001,0.0115153962
0.896999999999998,0.0225260575
0.898000000000003,0.0358380693
0.899000000000001,0.0400174577
0.899999999999999,0.0314650302
0.901000000000003,0.0390531017
0.902000000000001,0.0436666512
0.902999999999999,0.0512721019
0.904000000000004,0.0486017966
0.905000000000001,0.0470218213
0.905999999999999,0.0412406703
0.906999999999997,0.0371718529
0.908000000000001,0.0383579393
0.908999999999999,0.0420718698
0.909999999999997,0.0520902505
0.911000000000001,0.0424064573
0.911999999999999,0.0169463427
0.912999999999997,0.0029582696
0.914000000000002,0.0009075545
0.914999999999999,0.0128889439
0.915999999999997,0.0160667472
0.917000000000002,0.021624973
0.917999999999999,0.0379465041
0.918999999999997,0.0408959998
0.920000000000002,0.0480687305
0.920999999999999,0.0543334589
0.921999999999997,0.0534405163
0.923000000000002,0.0483690822
0.924,0.0431817921
0.924999999999997,0.0372541878
0.926000000000002,0.0487419179
0.927,0.0393252737
0.927999999999997,0.0559810348
0.929000000000002,0.053770997
0.93,0.0398159552
0.930999999999997,0.0262118215
0.932000000000002,0.020778287
0.933,0.0111842949
0.933999999999998,0.0150301952
0.935000000000002,0.0225118538
0.936,0.0266048238
0.936999999999998,0.0256629522
0.938000000000002,0.0267874682
0.939,0.0346276473
0.939999999999998,0.0449784868
0.941000000000003,0.0406730318
0.942,0.0333050811
0.942999999999998,0.0221501461
0.944000000000003,0.0136991103
0.945,0.0152307861
0.945999999999998,0.0517531219
0.947000000000003,0.051665813
0.948,0.0524062393
0.948999999999998,0.0405820312
0.950000000000003,0.0216944471
0.951000000000001,0.0239591823
0.951999999999998,0.0126113369
0.953000000000003,0.0160789257
0.954000000000001,0.0082603524
0.954999999999998,0.0073088948
0.956000000000003,0.0164237573
0.957000000000001,0.0211821881
0.957999999999998,0.0167062059
0.959000000000003,0.021871756
0.960000000000001,0.0389961385
0.960999999999999,0.0326694114
0.962000000000003,0.0185969499
0.963000000000001,0.0200638004
0.963999999999999,0.0388266166
0.965000000000003,0.0350112368
0.966000000000001,0.0381715426
0.966999999999999,0.0352871823
0.968000000000004,0.045342473
0.969000000000001,0.0449010871
0.969999999999999,0.0542428549
0.970999999999997,0.0541494792
0.972000000000001,0.0457386632
0.972999999999999,0.0441787908
0.973999999999997,0.0335513011
0.975000000000001,0.0339853954
0.975999999999999,0.037992564
0.976999999999997,0.0393649032
0.978000000000002,0.0450438257
0.978999999999999,0.0542227298
0.979999999999997,0.0504274923
0.981000000000002,0.0423787796
0.981999999999999,0.0341799948
0.982999999999997,0.0350115981
0.984000000000002,0.0394915661
0.984999999999999,0.0421389182
0.985999999999997,0.0408091835
0.987000000000002,0.0362770134
0.988,0.0425546104
0.988999999999997,0.0480677727
0.990000000000002,0.0543939009
0.991,0.0456644395
0.991999999999997,0.0501862511
0.993000000000002,0.0364224087
0.994,0.0186999802
0.994999999999997,0.018558487
0.996000000000002,0.0376077737
0.997,0.0480406751
0.997999999999998,0.0574709339
0.999000000000002,0.0671925071
1,0.0692021421
1.001,0.0692021421
1.002,0.0692021421
1.00299999999999,0.0692021421
1.00399999999999,0.0692021421
1.00499999999999,0.0692021421
1.00599999999999,0.0692021421
1.00699999999998,0.0692021421
1.00799999999998,0.0692021421
1.00899999999998,0.0692021421
1.00999999999998,0.0692021421
1.01099999999997,0.0692021421
1.01199999999997,0.0692021421
1.01299999999997,0.0692021421
1.01399999999997,0.0692021421
1.01499999999997,0.0692021421
1.01599999999996,0.0692021421
1.01699999999996,0.0692021421
1.01799999999996,0.0692021421
1.01899999999996,0.0692021421
1.01999999999995,0.0692021421
1.02099999999995,0.0692021421
1.02199999999995,0.0692021421
1.02299999999995,0.0692021421
1.02399999999995,0.0692021421
